variant,num_seeds,semantic_success_rate_mean,semantic_success_rate_std,task_success_rate_mean,task_success_rate_std,deadline_violation_rate_mean,deadline_violation_rate_std,average_delay_mean,average_delay_std,average_energy_mean,average_energy_std,average_payload_kb_mean,average_payload_kb_std,service_level_0_ratio_mean,service_level_0_ratio_std,service_level_1_ratio_mean,service_level_1_ratio_std,service_level_2_ratio_mean,service_level_2_ratio_std,average_reward_mean,average_reward_std,fly_delay_s_mean,tx_delay_s_mean,queue_delay_s_mean,infer_delay_s_mean,arrival_delay_s_mean,sense_delay_s_mean,load_delay_s_mean,cache_fallback_rate,dominant_service,dominant_service_ratio,cache_collapse
baseline_B_state_v2_fixed,3,0.947778,0.015889,0.127778,0.008315,0.854445,0.005152,21.134635,2.06837,132.170928,1.678156,0.917559,0.012593,0.094444,0.007495,0.905556,0.007495,0.0,0.0,-4.750059,0.426885,0.0,20.456237,0.170414,0.277818,0.0,0.144889,0.04,0.0,token,0.905556,False
T1_deadline_slack,3,0.947778,0.015889,0.127778,0.008315,0.854445,0.005152,21.134635,2.06837,132.170928,1.678156,0.917559,0.012593,0.094444,0.007495,0.905556,0.007495,0.0,0.0,-4.750059,0.426885,0.0,20.456237,0.170414,0.277818,0.0,0.144889,0.04,0.0,token,0.905556,False
T2_token_fast,3,0.948333,0.015154,0.125555,0.007738,0.845555,0.013076,20.835664,2.127455,130.397748,2.312722,0.918296,0.01168,0.093889,0.006849,0.906111,0.006849,0.0,0.0,-4.687805,0.447051,0.0,20.100692,0.248838,0.255851,0.0,0.144978,0.04,0.0,token,0.906111,False
T3_cache_fallback,3,0.947778,0.015889,0.127778,0.008315,0.851111,0.007738,20.809244,2.014341,131.778263,1.726738,0.915135,0.013242,0.097778,0.009061,0.902222,0.009061,0.0,0.0,-4.681485,0.419117,0.0,20.134092,0.170254,0.275431,0.0,0.144356,0.04,0.097778,token,0.902222,False
T1_T2_slack_token_fast,3,0.948333,0.015154,0.125555,0.007738,0.845555,0.013076,20.835664,2.127455,130.397748,2.312722,0.918296,0.01168,0.093889,0.006849,0.906111,0.006849,0.0,0.0,-4.687805,0.447051,0.0,20.100692,0.248838,0.255851,0.0,0.144978,0.04,0.0,token,0.906111,False
