step,task_id,uav_id,edge_id,service_level,answer_accuracy_est,delay_s,energy_j,payload_kb,quality_violation,deadline_violation,airspace_conflict,snr_bin,sensed_snr_db,sinr_db,rate_mbps,distance_3d_m,elevation_deg,los_probability,path_loss_db,interference_dbm,fading_db,cache_hit_probability,semantic_cache_hit,gpu_memory_ok,gpu_memory_used_mb,gpu_memory_capacity_mb,battery_remaining_j,fly_delay_s,sense_delay_s,tx_delay_s,queue_delay_s,infer_delay_s,load_delay_s,fly_energy_j,hover_energy_j,tx_energy_j,compute_energy_j,success,reward
0,0000116_01338_d_0000086_12,2,0,0,0.952,0.224035,1.45,0.0,False,False,False,20dB,35.788064,35.57568,11.818385,121.536255,29.582736,0.71765,91.211936,-120.0,2.192744,0.68,True,True,2816.0,8192.0,19998.55,0.0,0.0,0.0,0.164035,0.02,0.04,0.0,1.4,0.0,0.05,True,3.762613
1,0000335_03137_d_0000059_1,0,0,1,0.266667,12.6082,1757.304703,1.111198,True,True,False,20dB,26.061798,25.849414,8.590736,225.076462,15.460625,0.209705,102.699114,-120.0,1.164802,0.68,False,True,2816.0,8192.0,18242.695297,12.051768,0.12,0.00106,0.220372,0.175,0.04,1735.454544,20.65,0.000159,1.2,False,-5.226784
2,0000335_03137_d_0000059_1,0,0,2,0.0,14.358829,1760.326558,412.655859,True,True,False,20dB,28.467808,28.255424,9.388403,207.783224,16.783882,0.246943,101.542492,-120.0,1.222451,0.68,False,True,2816.0,8192.0,16482.368739,11.051768,0.3,0.360069,0.256992,2.04,0.35,1591.454544,163.8,0.072014,5.0,False,-6.401208
3,0000335_03137_d_0000059_1,0,0,0,0.654133,0.340795,1.45,0.0,True,False,False,20dB,26.263077,26.050693,8.65743,190.620887,18.346379,0.296299,100.736923,-120.0,0.760135,0.28,False,True,2816.0,8192.0,16480.918739,0.0,0.0,0.0,0.280795,0.02,0.04,0.0,1.4,0.0,0.05,False,-1.068739
4,0000335_03137_d_0000059_1,0,0,1,0.266667,10.684024,1469.304692,1.111198,True,True,False,20dB,27.887897,27.675513,9.196068,190.620887,18.346379,0.296299,100.873016,-120.0,0.624042,0.28,False,True,2816.0,8192.0,15011.614047,10.051768,0.12,0.00099,0.296267,0.175,0.04,1447.454544,20.65,0.000148,1.2,False,-4.726749
5,0000335_03137_d_0000059_1,0,0,2,0.0,12.380945,1472.321114,412.655859,True,True,False,20dB,30.781309,30.568925,10.156042,173.628273,20.216341,0.362209,99.228991,-120.0,0.782779,0.28,False,True,2816.0,8192.0,13539.292933,9.051768,0.3,0.332854,0.306323,2.04,0.35,1303.454544,163.8,0.066571,5.0,False,-5.890429
