policy,episodes,tasks,task_success_rate,average_accuracy,average_delay,average_energy,average_payload_kb,payload_reduction_vs_always_image,quality_violation_rate,deadline_violation_rate,service_level_0_ratio,service_level_1_ratio,service_level_2_ratio,service_level_3_ratio
always_cache,200,8000,0.2665,0.551059,0.690829,0.2,0.0,1.0,0.7335,0.0,1.0,0.0,0.0,0.0
always_light,200,8000,0.201,0.603821,2.06874,1.0,0.845716,0.99102,0.799,0.0,0.0,1.0,0.0,0.0
always_image,200,8000,0.42125,0.588747,3.930719,2.5,94.176592,0.0,0.437375,0.32675,0.0,0.0,1.0,0.0
always_roi,200,8000,0.419875,0.513707,2.992243,1.8,146.973783,-0.560619,0.5665,0.10725,0.0,0.0,0.0,1.0
greedy_min_sufficient_evidence,200,8000,0.712625,0.729083,2.451839,1.412325,77.068422,0.181661,0.27275,0.047,0.266375,0.1905,0.27275,0.270375
no_cache_greedy,200,8000,0.575,0.621047,3.182314,1.925462,114.94831,-0.220561,0.41025,0.184875,0.0,0.20225,0.410375,0.387375
no_semantic_tokens_greedy,200,8000,0.603375,0.724383,2.740256,1.651537,96.379389,-0.02339,0.286125,0.144625,0.27725,0.0,0.421625,0.301125
no_roi_greedy,200,8000,0.713375,0.703375,2.671683,1.581225,50.745504,0.461166,0.2865,0.046875,0.27425,0.192,0.53375,0.0
oracle_best_feasible_evidence,200,8000,0.71275,0.72318,2.202814,1.207713,33.886857,0.640177,0.2705,0.01775,0.353375,0.2995,0.303875,0.04325
