policy,episodes,tasks,task_success_rate,average_accuracy,average_delay,average_energy,average_payload_kb,payload_reduction_vs_always_image,quality_violation_rate,deadline_violation_rate,service_level_0_ratio,service_level_1_ratio,service_level_2_ratio,service_level_3_ratio
always_cache,100,4000,0.265,0.55773,0.688177,0.2,0.0,1.0,0.735,0.0,1.0,0.0,0.0,0.0
always_light,100,4000,0.36225,0.616667,2.06118,1.0,0.871446,0.989801,0.63775,0.0,0.0,1.0,0.0,0.0
always_image,100,4000,0.32425,0.57422,3.916162,2.5,85.445505,0.0,0.5095,0.34825,0.0,0.0,1.0,0.0
always_roi,100,4000,0.0,0.0,2.969103,1.8,78.125,0.085675,1.0,0.11025,0.0,0.0,0.0,1.0
greedy_min_sufficient_evidence,100,4000,0.68575,0.682956,2.492995,1.389025,29.267247,0.657475,0.31425,0.06925,0.27825,0.314,0.40775,0.0
no_cache_greedy,100,4000,0.5305,0.573518,3.24754,1.956625,51.747751,0.394377,0.4695,0.182,0.0,0.36225,0.63775,0.0
no_semantic_tokens_greedy,100,4000,0.49225,0.680781,3.104648,1.889925,60.608129,0.290681,0.3415,0.23625,0.26525,0.0,0.73475,0.0
no_roi_greedy,100,4000,0.69275,0.684451,2.467807,1.38765,29.927239,0.649751,0.30725,0.0685,0.27575,0.31875,0.4055,0.0
oracle_best_feasible_evidence,100,4000,0.697,0.755827,1.897975,0.96245,12.645408,0.852006,0.303,0.0,0.3535,0.483,0.1635,0.0
