episode,return,success_rate,mean_reward
0.0,-96.62488599999998,0.05,-2.4156221499999995
1.0,-100.88226399999999,0.0,-2.5220566
