policy,episodes,tasks,task_success_rate,average_accuracy,average_delay,average_energy,average_payload_kb,payload_reduction_vs_always_image,quality_violation_rate,deadline_violation_rate,service_level_0_ratio,service_level_1_ratio,service_level_2_ratio,service_level_3_ratio,average_reward
always_cache,200,8000,0.017375,0.411243,0.091356,1.61,0.0,1.0,0.982625,0.0,1.0,0.0,0.0,0.0,-0.950617
always_light,200,8000,0.01925,0.482477,2.397355,294.033126,1.145522,0.993778,0.859,0.257125,0.0,1.0,0.0,0.0,-1.644338
always_image,200,8000,0.000375,0.439417,4.474517,359.184956,184.116532,0.0,0.553125,0.9995,0.0,0.0,1.0,0.0,-2.95879
greedy_min_sufficient_evidence,200,8000,0.0495,0.278059,5.003726,509.04355,133.020406,0.277521,0.712625,0.920125,0.017625,0.2605,0.721875,0.0,-2.933488
no_cache_greedy,200,8000,0.019375,0.147906,4.805422,443.917171,158.297808,0.14023,0.8475,0.969125,0.0,0.141,0.859,0.0,-3.200533
no_semantic_tokens_greedy,200,8000,0.01775,0.72274,4.529174,372.479534,180.669556,0.018722,0.265625,0.982,0.017375,0.0,0.982625,0.0,-2.612222
oracle_best_feasible_evidence,200,8000,0.0485,0.81921,2.514822,284.762621,47.038736,0.744517,0.698625,0.268375,0.692625,0.05125,0.256125,0.0,-1.512025
