{
  "report": {
    "token_payload_design_B": 256,
    "token_payload_measured_mean_B": 910.1,
    "bandwidth_hz": 1000000.0,
    "tx_time_budget_s": 0.3,
    "min_image_payload_B": 1500,
    "ldpc_fixed_rate_fer_measured": {
      "awgn": {
        "-5dB": 1.0,
        "0dB": 0.883,
        "5dB": 0.014333333333333333,
        "10dB": 0.0006666666666666666,
        "15dB": 0.0,
        "20dB": 0.0
      },
      "rayleigh": {
        "-5dB": 0.979,
        "0dB": 0.751,
        "5dB": 0.3616666666666667,
        "10dB": 0.12666666666666668,
        "15dB": 0.041,
        "20dB": 0.013333333333333334
      },
      "rician": {
        "-5dB": 0.998,
        "0dB": 0.729,
        "5dB": 0.171,
        "10dB": 0.026,
        "15dB": 0.004333333333333333,
        "20dB": 0.0006666666666666666
      }
    },
    "token_outage_at_bins": {
      "awgn": {
        "-5dB": 0.0,
        "0dB": 0.0,
        "5dB": 0.0,
        "10dB": 0.0,
        "15dB": 0.0,
        "20dB": 0.0
      },
      "rayleigh": {
        "-5dB": 0.05155,
        "0dB": 0.016475,
        "5dB": 0.005375,
        "10dB": 0.001725,
        "15dB": 0.0006,
        "20dB": 0.00025
      },
      "rician": {
        "-5dB": 0.007125,
        "0dB": 0.0017,
        "5dB": 0.000575,
        "10dB": 0.000225,
        "15dB": 0.0001,
        "20dB": 0.0
      }
    },
    "m1_payload_vs_snr": {
      "awgn": {
        "-5dB": {
          "budget_B": 14865.3,
          "fitted_mean_B": 14575.4,
          "fitted_p10_B": 14284.4,
          "fitted_p90_B": 14796.8,
          "outage_prob": 0.0,
          "n_images": 104
        },
        "0dB": {
          "budget_B": 37500.0,
          "fitted_mean_B": 36385.6,
          "fitted_p10_B": 34916.2,
          "fitted_p90_B": 37419.8,
          "outage_prob": 0.0,
          "n_images": 104
        },
        "5dB": {
          "budget_B": 77151.5,
          "fitted_mean_B": 74445.8,
          "fitted_p10_B": 70350.3,
          "fitted_p90_B": 76949.3,
          "outage_prob": 0.0,
          "n_images": 104
        },
        "10dB": {
          "budget_B": 129728.7,
          "fitted_mean_B": 125303.5,
          "fitted_p10_B": 119810.5,
          "fitted_p90_B": 129422.5,
          "outage_prob": 0.0,
          "n_images": 104
        },
        "15dB": {
          "budget_B": 188542.8,
          "fitted_mean_B": 179226.7,
          "fitted_p10_B": 167758.9,
          "fitted_p90_B": 187735.5,
          "outage_prob": 0.0,
          "n_images": 104
        },
        "20dB": {
          "budget_B": 249682.9,
          "fitted_mean_B": 221280.7,
          "fitted_p10_B": 175860.6,
          "fitted_p90_B": 247716.2,
          "outage_prob": 0.0,
          "n_images": 104
        }
      },
      "rayleigh": {
        "-5dB": {
          "budget_B": 13570.7,
          "fitted_mean_B": 13270.0,
          "fitted_p10_B": 12963.6,
          "fitted_p90_B": 13511.3,
          "outage_prob": 0.0852,
          "n_images": 104
        },
        "0dB": {
          "budget_B": 32234.6,
          "fitted_mean_B": 31540.7,
          "fitted_p10_B": 30789.7,
          "fitted_p90_B": 32158.4,
          "outage_prob": 0.0272,
          "n_images": 104
        },
        "5dB": {
          "budget_B": 64289.0,
          "fitted_mean_B": 62337.0,
          "fitted_p10_B": 59315.5,
          "fitted_p90_B": 64083.8,
          "outage_prob": 0.0086,
          "n_images": 104
        },
        "10dB": {
          "budget_B": 108911.3,
          "fitted_mean_B": 105869.8,
          "fitted_p10_B": 100632.5,
          "fitted_p90_B": 108709.5,
          "outage_prob": 0.00282,
          "n_images": 104
        },
        "15dB": {
          "budget_B": 162298.6,
          "fitted_mean_B": 156963.5,
          "fitted_p10_B": 149359.4,
          "fitted_p90_B": 161913.5,
          "outage_prob": 0.00085,
          "n_images": 104
        },
        "20dB": {
          "budget_B": 220577.1,
          "fitted_mean_B": 204036.0,
          "fitted_p10_B": 175860.6,
          "fitted_p90_B": 219723.9,
          "outage_prob": 0.00042,
          "n_images": 104
        }
      },
      "rician": {
        "-5dB": {
          "budget_B": 14347.0,
          "fitted_mean_B": 14035.2,
          "fitted_p10_B": 13801.5,
          "fitted_p90_B": 14272.8,
          "outage_prob": 0.01325,
          "n_images": 104
        },
        "0dB": {
          "budget_B": 35232.4,
          "fitted_mean_B": 34308.0,
          "fitted_p10_B": 33071.2,
          "fitted_p90_B": 35098.3,
          "outage_prob": 0.00325,
          "n_images": 104
        },
        "5dB": {
          "budget_B": 71558.2,
          "fitted_mean_B": 69263.7,
          "fitted_p10_B": 65469.8,
          "fitted_p90_B": 71450.5,
          "outage_prob": 0.00088,
          "n_images": 104
        },
        "10dB": {
          "budget_B": 120980.4,
          "fitted_mean_B": 116967.5,
          "fitted_p10_B": 112360.1,
          "fitted_p90_B": 120693.2,
          "outage_prob": 0.0004,
          "n_images": 104
        },
        "15dB": {
          "budget_B": 177957.3,
          "fitted_mean_B": 169998.8,
          "fitted_p10_B": 161606.9,
          "fitted_p90_B": 177547.4,
          "outage_prob": 0.00015,
          "n_images": 104
        },
        "20dB": {
          "budget_B": 238281.9,
          "fitted_mean_B": 215121.2,
          "fitted_p10_B": 175860.6,
          "fitted_p90_B": 237191.7,
          "outage_prob": 5e-05,
          "n_images": 104
        }
      }
    }
  },
  "curves": {
    "snr_grid": [
      -10.0,
      -9.5,
      -9.0,
      -8.5,
      -8.0,
      -7.5,
      -7.0,
      -6.5,
      -6.0,
      -5.5,
      -5.0,
      -4.5,
      -4.0,
      -3.5,
      -3.0,
      -2.5,
      -2.0,
      -1.5,
      -1.0,
      -0.5,
      0.0,
      0.5,
      1.0,
      1.5,
      2.0,
      2.5,
      3.0,
      3.5,
      4.0,
      4.5,
      5.0,
      5.5,
      6.0,
      6.5,
      7.0,
      7.5,
      8.0,
      8.5,
      9.0,
      9.5,
      10.0,
      10.5,
      11.0,
      11.5,
      12.0,
      12.5,
      13.0,
      13.5,
      14.0,
      14.5,
      15.0,
      15.5,
      16.0,
      16.5,
      17.0,
      17.5,
      18.0,
      18.5,
      19.0,
      19.5,
      20.0,
      20.5,
      21.0,
      21.5,
      22.0
    ],
    "token256_awgn": [
      0.0,
      0.0,
      0.0,
      0.0,
      0.0,
      0.0,
      0.0,
      0.0,
      0.0,
      0.0,
      0.0,
      0.0,
      0.0,
      0.0,
      0.0,
      0.0,
      0.0,
      0.0,
      0.0,
      0.0,
      0.0,
      0.0,
      0.0,
      0.0,
      0.0,
      0.0,
      0.0,
      0.0,
      0.0,
      0.0,
      0.0,
      0.0,
      0.0,
      0.0,
      0.0,
      0.0,
      0.0,
      0.0,
      0.0,
      0.0,
      0.0,
      0.0,
      0.0,
      0.0,
      0.0,
      0.0,
      0.0,
      0.0,
      0.0,
      0.0,
      0.0,
      0.0,
      0.0,
      0.0,
      0.0,
      0.0,
      0.0,
      0.0,
      0.0,
      0.0,
      0.0,
      0.0,
      0.0,
      0.0,
      0.0
    ],
    "tokenMeas_awgn": [
      0.0,
      0.0,
      0.0,
      0.0,
      0.0,
      0.0,
      0.0,
      0.0,
      0.0,
      0.0,
      0.0,
      0.0,
      0.0,
      0.0,
      0.0,
      0.0,
      0.0,
      0.0,
      0.0,
      0.0,
      0.0,
      0.0,
      0.0,
      0.0,
      0.0,
      0.0,
      0.0,
      0.0,
      0.0,
      0.0,
      0.0,
      0.0,
      0.0,
      0.0,
      0.0,
      0.0,
      0.0,
      0.0,
      0.0,
      0.0,
      0.0,
      0.0,
      0.0,
      0.0,
      0.0,
      0.0,
      0.0,
      0.0,
      0.0,
      0.0,
      0.0,
      0.0,
      0.0,
      0.0,
      0.0,
      0.0,
      0.0,
      0.0,
      0.0,
      0.0,
      0.0,
      0.0,
      0.0,
      0.0,
      0.0
    ],