service_level,channel_bin,mean_payload_kb,p95_payload_kb,samples
0,bad,0.000000,0.000000,8919
0,medium,0.000000,0.000000,8919
0,good,0.000000,0.000000,8919
1,bad,0.796844,1.198242,8919
1,medium,0.847486,1.222656,8919
1,good,0.854671,1.225586,8919
2,bad,35.825073,53.705078,8919
2,medium,72.199100,111.280273,8919
2,good,178.091730,285.951172,8919
3,bad,60.635189,106.179688,180
3,medium,125.796110,228.416992,180
3,good,319.921387,570.063477,180
