evidence_type,mean_latency_sec,p95_latency_sec,mean_payload_kb,p95_payload_kb,samples
cache,0.000000,0.000000,0.000000,0.000000,26757
image,0.582793,0.646077,95.371968,230.066406,26757
lightweight,0.036680,0.040224,0.833000,1.217773,26757
roi_image,0.525281,0.684169,168.784229,522.300781,540
