service_level,channel_bin,mean_payload_kb,p95_payload_kb,samples
1,bad,0.821926,1.272461,2124
1,medium,0.821976,1.272461,2124
1,good,0.821976,1.272461,2124
2,bad,170.081121,505.810547,2124
2,medium,220.772122,601.485352,2124
2,good,254.688874,548.016602,2124
