policy,episodes,tasks,task_success_rate,average_accuracy,average_delay,average_energy,average_payload_kb,payload_reduction_vs_always_image,quality_violation_rate,deadline_violation_rate,service_level_0_ratio,service_level_1_ratio,service_level_2_ratio,service_level_3_ratio,average_reward
always_cache,20,800,0.24375,0.551374,0.05,0.2,0.0,1.0,0.75625,0.0,1.0,0.0,0.0,0.0,-0.00771
always_light,20,800,0.115,0.518604,0.355345,0.843428,0.822944,0.995586,0.885,0.0,0.0,1.0,0.0,0.0,-0.898746
always_image,20,800,0.46875,0.601418,1.690848,2.557741,186.426276,0.0,0.53125,0.0,0.0,0.0,1.0,0.0,0.966301
greedy_min_sufficient_evidence,20,800,0.72,0.732537,1.156265,1.856796,106.378751,0.429379,0.28,0.0,0.24375,0.08,0.67625,0.0,2.754248
no_cache_greedy,20,800,0.51875,0.609751,1.527131,2.378256,144.96996,0.222374,0.48125,0.0,0.0,0.115,0.885,0.0,1.324034
no_semantic_tokens_greedy,20,800,0.68625,0.726912,1.268583,1.982416,134.160656,0.280355,0.31375,0.0,0.24375,0.0,0.75625,0.0,2.512389
oracle_best_feasible_evidence,20,800,0.72,0.760953,0.934986,1.576549,79.720151,0.572377,0.28,0.0,0.305,0.1575,0.5375,0.0,2.841112
ppo,20,800,0.46875,0.601418,1.690848,2.557741,186.426276,0.0,0.53125,0.0,0.0,0.0,1.0,0.0,0.966301
