episode,raw_return,semantic_return,shaped_return,return,success_rate,mean_reward,mean_semantic_reward,mean_shaped_reward,quality_cost,deadline_cost,quality_cost_normal,quality_cost_critical,deadline_cost_normal,deadline_cost_critical,conflict_cost,battery_cost,gpu_cost,bc_loss,demo_samples,mean_bandwidth_share,mean_power_w,mean_cpu_share,mean_gpu_share,lambda_quality_normal,lambda_quality_critical,lambda_deadline_normal,lambda_deadline_critical,lambda_conflict,lambda_battery,lambda_gpu,lambda_quality,lambda_deadline
0.0,-8.530186,-0.06180265355999992,-0.06180265355999992,-8.530186,0.0,-4.265093,-0.03090132677999996,-0.03090132677999996,1.0,1.0,1.0,0.0,1.0,0.0,0.0,0.0,0.0,1.1906694173812866,160.0,0.4793669682741165,0.48893592581152917,0.5492170752584934,0.7135273286700248,0.028499999999999998,0.0,0.028499999999999998,0.0,0.0,0.0,0.0,0.014249999999999999,0.014249999999999999
1.0,-5.142784,1.6215426454800008,1.6215426454800008,-5.142784,0.0,-2.571392,0.8107713227400004,0.8107713227400004,0.5,0.5,0.0,0.5,0.0,0.5,0.0,0.0,0.0,1.1906694173812866,160.0,0.2806598573923111,0.3616964504122734,0.20908549010753633,0.18574426099658012,0.026999999999999996,0.0144,0.026999999999999996,0.0144,0.0,0.0,0.0,0.020699999999999996,0.020699999999999996
