episode,raw_return,semantic_return,shaped_return,return,success_rate,mean_reward,mean_semantic_reward,mean_shaped_reward,quality_cost,deadline_cost,quality_cost_normal,quality_cost_critical,deadline_cost_normal,deadline_cost_critical,conflict_cost,battery_cost,gpu_cost,bc_loss,demo_samples,mean_bandwidth_share,mean_power_w,mean_cpu_share,mean_gpu_share,lambda_quality_normal,lambda_quality_critical,lambda_deadline_normal,lambda_deadline_critical,lambda_conflict,lambda_battery,lambda_gpu,lambda_quality,lambda_deadline
0.0,-8.530186,-0.73447065356,-0.73447065356,-8.530186,0.0,-4.265093,-0.36723532678,-0.36723532678,1.0,1.0,1.0,0.0,1.0,0.0,0.0,0.0,0.0,1.1906694173812866,160.0,0.4793669682741165,0.48893592581152917,0.5492170752584934,0.7135273286700248,0.0475,0.0,0.0475,0.0,0.0,0.0,0.0,0.02375,0.02375
1.0,-5.1425540000000005,1.2278214218800012,1.2278214218800012,-5.1425540000000005,0.0,-2.5712770000000003,0.6139107109400006,0.6139107109400006,0.5,0.5,0.0,0.5,0.0,0.5,0.0,0.0,0.0,1.1906694173812866,160.0,0.2808485591411591,0.3616968184709549,0.2091199953854084,0.1858010420203209,0.045,0.024,0.045,0.024,0.0,0.0,0.0,0.0345,0.0345
