{
  "key": "a6ab45fb7ddd13f3",
  "link": {
    "fading": {
      "kind": "rician",
      "k_factor_db": 6.0
    },
    "ldpc": {
      "n": 96,
      "d_v": 3,
      "d_c": 6,
      "maxiter": 50
    },
    "modulation": "bpsk",
    "packet_payload_bits": 1024,
    "calib_blocks": 3000,
    "image_grid": 8,
    "channel_mode": "ldpc_erasure",
    "bandwidth_hz": 1000000.0,
    "tx_time_budget_s": 0.3,
    "min_payload_bytes": 1500
  },
  "calib": {
    "-5dB": {
      "snr_db": -5.0,
      "ber": 0.29802666666666666,
      "fer": 0.998,
      "code_rate": 0.5208333333333334,
      "k": 50,
      "n": 96
    },
    "0dB": {
      "snr_db": 0.0,
      "ber": 0.14914,
      "fer": 0.729,
      "code_rate": 0.5208333333333334,
      "k": 50,
      "n": 96
    },
    "5dB": {
      "snr_db": 5.0,
      "ber": 0.030353333333333333,
      "fer": 0.171,
      "code_rate": 0.5208333333333334,
      "k": 50,
      "n": 96
    },
    "10dB": {
      "snr_db": 10.0,
      "ber": 0.004573333333333334,
      "fer": 0.026,
      "code_rate": 0.5208333333333334,
      "k": 50,
      "n": 96
    },
    "15dB": {
      "snr_db": 15.0,
      "ber": 0.0009733333333333333,
      "fer": 0.004333333333333333,
      "code_rate": 0.5208333333333334,
      "k": 50,
      "n": 96
    },
    "20dB": {
      "snr_db": 20.0,
      "ber": 0.00012666666666666666,
      "fer": 0.0006666666666666666,
      "code_rate": 0.5208333333333334,
      "k": 50,
      "n": 96
    }
  }
}