{
  "key": "20c78d7f895d1849",
  "link": {
    "fading": {
      "kind": "rayleigh",
      "k_factor_db": 6.0
    },
    "ldpc": {
      "n": 96,
      "d_v": 3,
      "d_c": 6,
      "maxiter": 50
    },
    "modulation": "bpsk",
    "packet_payload_bits": 1024,
    "calib_blocks": 3000,
    "image_grid": 8,
    "channel_mode": "ldpc_erasure",
    "bandwidth_hz": 1000000.0,
    "tx_time_budget_s": 0.3,
    "min_payload_bytes": 1500
  },
  "calib": {
    "-5dB": {
      "snr_db": -5.0,
      "ber": 0.30832,
      "fer": 0.979,
      "code_rate": 0.5208333333333334,
      "k": 50,
      "n": 96
    },
    "0dB": {
      "snr_db": 0.0,
      "ber": 0.18808,
      "fer": 0.751,
      "code_rate": 0.5208333333333334,
      "k": 50,
      "n": 96
    },
    "5dB": {
      "snr_db": 5.0,
      "ber": 0.08182,
      "fer": 0.3616666666666667,
      "code_rate": 0.5208333333333334,
      "k": 50,
      "n": 96
    },
    "10dB": {
      "snr_db": 10.0,
      "ber": 0.025693333333333332,
      "fer": 0.12666666666666668,
      "code_rate": 0.5208333333333334,
      "k": 50,
      "n": 96
    },
    "15dB": {
      "snr_db": 15.0,
      "ber": 0.008186666666666667,
      "fer": 0.041,
      "code_rate": 0.5208333333333334,
      "k": 50,
      "n": 96
    },
    "20dB": {
      "snr_db": 20.0,
      "ber": 0.00292,
      "fer": 0.013333333333333334,
      "code_rate": 0.5208333333333334,
      "k": 50,
      "n": 96
    }
  }
}