{
  "key": "e4c03f665cc4b811",
  "link": {
    "fading": {
      "kind": "rician",
      "k_factor_db": 6.0
    },
    "ldpc": {
      "n": 96,
      "d_v": 3,
      "d_c": 6,
      "maxiter": 50
    },
    "modulation": "bpsk",
    "packet_payload_bits": 1024,
    "calib_blocks": 3000,
    "image_grid": 8
  },
  "calib": {
    "-5dB": {
      "snr_db": -5.0,
      "ber": 0.29852,
      "fer": 0.9986666666666667,
      "code_rate": 0.5208333333333334,
      "k": 50,
      "n": 96
    },
    "0dB": {
      "snr_db": 0.0,
      "ber": 0.15020666666666666,
      "fer": 0.73,
      "code_rate": 0.5208333333333334,
      "k": 50,
      "n": 96
    },
    "5dB": {
      "snr_db": 5.0,
      "ber": 0.029693333333333332,
      "fer": 0.16066666666666668,
      "code_rate": 0.5208333333333334,
      "k": 50,
      "n": 96
    },
    "10dB": {
      "snr_db": 10.0,
      "ber": 0.00462,
      "fer": 0.027333333333333334,
      "code_rate": 0.5208333333333334,
      "k": 50,
      "n": 96
    },
    "15dB": {
      "snr_db": 15.0,
      "ber": 0.0008133333333333333,
      "fer": 0.004,
      "code_rate": 0.5208333333333334,
      "k": 50,
      "n": 96
    },
    "20dB": {
      "snr_db": 20.0,
      "ber": 9.333333333333333e-05,
      "fer": 0.0006666666666666666,
      "code_rate": 0.5208333333333334,
      "k": 50,
      "n": 96
    }
  }
}