{
  "params": {
    "bandwidth_hz": 1000000.0,
    "p_tx_grid_w": [
      0.1,
      0.25,
      0.5,
      1.0
    ],
    "p_tx_headline_w": 0.5,
    "e_vlm_incremental_j": 32.310144895318594,
    "e_vlm_total_j": 62.71786111182009,
    "e_det_jetson_band_j": [
      0.105,
      0.75
    ],
    "e_det_mid_j": 0.4275,
    "e_det_4060_incremental_j": 0.06622870719986497,
    "f_img_m4": 0.43803418803418803,
    "idle_w": 52.29960000000002,
    "vlm_power_w": 107.87127272727274,
    "vlm_sec_per_item": 0.5814139346477122,
    "yolo_power_w": 58.653749999999995,
    "yolo_sec_per_item": 0.010422905848912164
  },
  "per_method": {
    "M4_adaptive": {
      "-5.0": {
        "acc": 0.6506,
        "uses": 1815919.0,
        "e_tx_j": 0.9079595,
        "e_cmp_j": 14.39318846910323,
        "j_per_answer": 15.30114796910323,
        "j_per_answer_totalpower": 28.620767251972474,
        "answers_per_joule": 0.0425196855369101
      },
      "0.0": {
        "acc": 0.6635,
        "uses": 758127.5,
        "e_tx_j": 0.37906375,
        "e_cmp_j": 14.39318846910323,
        "j_per_answer": 14.77225221910323,
        "j_per_answer_totalpower": 28.091871501972474,
        "answers_per_joule": 0.04491529051622696
      },
      "5.0": {
        "acc": 0.6848,
        "uses": 437881.7,
        "e_tx_j": 0.21894085,
        "e_cmp_j": 14.39318846910323,
        "j_per_answer": 14.612129319103229,
        "j_per_answer_totalpower": 27.931748601972473,
        "answers_per_joule": 0.04686517515997643
      },
      "10.0": {
        "acc": 0.6806,
        "uses": 340697.2,
        "e_tx_j": 0.17034860000000002,
        "e_cmp_j": 14.39318846910323,
        "j_per_answer": 14.56353706910323,
        "j_per_answer_totalpower": 27.883156351972474,
        "answers_per_joule": 0.04673315258309765
      },
      "15.0": {
        "acc": 0.6763,
        "uses": 213741.2,
        "e_tx_j": 0.10687060000000001,
        "e_cmp_j": 14.39318846910323,
        "j_per_answer": 14.50005906910323,
        "j_per_answer_totalpower": 27.819678351972474,
        "answers_per_joule": 0.046641189306674075
      },
      "20.0": {
        "acc": 0.6806,
        "uses": 163355.5,
        "e_tx_j": 0.08167775,
        "e_cmp_j": 14.39318846910323,
        "j_per_answer": 14.47486621910323,
        "j_per_answer_totalpower": 27.794485501972474,
        "answers_per_joule": 0.04701943283605461
      }
    },
    "M3_token": {
      "-5.0": {
        "acc": 0.6325,
        "uses": 14564.7,
        "e_tx_j": 0.00728235,
        "e_cmp_j": 0.4275,
        "j_per_answer": 0.43478235,
        "j_per_answer_totalpower": 0.43478235,
        "answers_per_joule": 1.454750865576765
      },
      "0.0": {
        "acc": 0.6325,
        "uses": 14563.0,
        "e_tx_j": 0.0072815,
        "e_cmp_j": 0.4275,
        "j_per_answer": 0.4347815,
        "j_per_answer_totalpower": 0.4347815,
        "answers_per_joule": 1.4547537096219594
      },
      "5.0": {
        "acc": 0.6346,
        "uses": 14561.3,
        "e_tx_j": 0.00728065,
        "e_cmp_j": 0.4275,
        "j_per_answer": 0.43478065,
        "j_per_answer_totalpower": 0.43478065,
        "answers_per_joule": 1.4595865754375226
      },
      "10.0": {
        "acc": 0.6346,
        "uses": 14561.3,
        "e_tx_j": 0.00728065,
        "e_cmp_j": 0.4275,
        "j_per_answer": 0.43478065,
        "j_per_answer_totalpower": 0.43478065,
        "answers_per_joule": 1.4595865754375226
      },
      "15.0": {
        "acc": 0.6346,
        "uses": 14561.3,
        "e_tx_j": 0.00728065,
        "e_cmp_j": 0.4275,
        "j_per_answer": 0.43478065,
        "j_per_answer_totalpower": 0.43478065,
        "answers_per_joule": 1.4595865754375226
      },
      "20.0": {
        "acc": 0.6346,
        "uses": 14561.3,
        "e_tx_j": 0.00728065,
        "e_cmp_j": 0.4275,
        "j_per_answer": 0.43478065,
        "j_per_answer_totalpower": 0.43478065,
        "answers_per_joule": 1.4595865754375226
      }
    },
    "M6_djscc": {
      "-5.0": {
        "acc": 0.564,
        "uses": 92215.0,
        "e_tx_j": 0.0461075,
        "e_cmp_j": 32.310144895318594,
        "j_per_answer": 32.35625239531859,
        "j_per_answer_totalpower": 62.76396861182009,
        "answers_per_joule": 0.01743094327208306
      },
      "0.0": {
        "acc": 0.578,
        "uses": 92215.0,
        "e_tx_j": 0.0461075,
        "e_cmp_j": 32.310144895318594,
        "j_per_answer": 32.35625239531859,
        "j_per_answer_totalpower": 62.76396861182009,
        "answers_per_joule": 0.017863626261106397
      },
      "5.0": {
        "acc": 0.592,
        "uses": 92215.0,
        "e_tx_j": 0.0461075,
        "e_cmp_j": 32.310144895318594,
        "j_per_answer": 32.35625239531859,
        "j_per_answer_totalpower": 62.76396861182009,
        "answers_per_joule": 0.018296309250129737
      },
      "10.0": {
        "acc": 0.599,
        "uses": 92215.0,
        "e_tx_j": 0.0461075,
        "e_cmp_j": 32.310144895318594,
        "j_per_answer": 32.35625239531859,
        "j_per_answer_totalpower": 62.76396861182009,
        "answers_per_joule": 0.018512650744641406
      },
      "15.0": {
        "acc": 0.6,
        "uses": 92215.0,
        "e_tx_j": 0.0461075,
        "e_cmp_j": 32.310144895318594,
        "j_per_answer": 32.35625239531859,
        "j_per_answer_totalpower": 62.76396861182009,
        "answers_per_joule": 0.018543556672428785
      },
      "20.0": {
        "acc": 0.596,
        "uses": 92215.0,
        "e_tx_j": 0.0461075,
        "e_cmp_j": 32.310144895318594,
        "j_per_answer": 32.35625239531859,
        "j_per_answer_totalpower": 62.76396861182009,
        "answers_per_joule": 0.01841993296127926
      }
    },
    "M2_analog": {
      "-5.0": {
        "acc": 0.4792,
        "uses": 300000.0,
        "e_tx_j": 0.15,
        "e_cmp_j": 32.310144895318594,
        "j_per_answer": 32.46014489531859,
        "j_per_answer_totalpower": 62.86786111182009,
        "answers_per_joule": 0.014762719068118218
      },
      "0.0": {
        "acc": 0.524,
        "uses": 300000.0,
        "e_tx_j": 0.15,
        "e_cmp_j": 32.310144895318594,
        "j_per_answer": 32.46014489531859,
        "j_per_answer_totalpower": 62.86786111182009,
        "answers_per_joule": 0.016142873104536614
      },
      "5.0": {
        "acc": 0.5545,
        "uses": 300000.0,
        "e_tx_j": 0.15,
        "e_cmp_j": 32.310144895318594,
        "j_per_answer": 32.46014489531859,
        "j_per_answer_totalpower": 62.86786111182009,
        "answers_per_joule": 0.01708248690165182
      },
      "10.0": {
        "acc": 0.5913,
        "uses": 300000.0,
        "e_tx_j": 0.15,
        "e_cmp_j": 32.310144895318594,
        "j_per_answer": 32.46014489531859,
        "j_per_answer_totalpower": 62.86786111182009,
        "answers_per_joule": 0.01821618486013836
      },
      "15.0": {
        "acc": 0.5946,
        "uses": 300000.0,
        "e_tx_j": 0.15,
        "e_cmp_j": 32.310144895318594,
        "j_per_answer": 32.46014489531859,
        "j_per_answer_totalpower": 62.86786111182009,
        "answers_per_joule": 0.018317847992285252
      },
      "20.0": {
        "acc": 0.5946,
        "uses": 300000.0,
        "e_tx_j": 0.15,
        "e_cmp_j": 32.310144895318594,
        "j_per_answer": 32.46014489531859,
        "j_per_answer_totalpower": 62.86786111182009,
        "answers_per_joule": 0.018317847992285252
      }
    },
    "M1_image": {
      "-5.0": {
        "acc": 0.5844,
        "uses": 4122977.0,
        "e_tx_j": 2.0614885,
        "e_cmp_j": 32.310144895318594,
        "j_per_answer": 34.3716333953186,
        "j_per_answer_totalpower": 64.7793496118201,
        "answers_per_joule": 0.01700239244608012
      },
      "0.0": {
        "acc": 0.5951,
        "uses": 1370341.2,
        "e_tx_j": 0.6851706,
        "e_cmp_j": 32.310144895318594,
        "j_per_answer": 32.99531549531859,
        "j_per_answer_totalpower": 63.40303171182009,