policy,episodes,tasks,task_success_rate,average_accuracy,average_accuracy_mean,average_uncertainty,average_delay,average_energy,average_payload_kb,payload_reduction_vs_always_image,quality_violation_rate,deadline_violation_rate,battery_violation_rate,resource_violation_rate,airspace_conflict_rate,utm_constraint_violation_rate,service_level_0_ratio,service_level_1_ratio,service_level_2_ratio,service_level_3_ratio,average_reward
always_cache,6,48,0.104167,0.416803,0.437496,0.077635,0.120803,1.61,0.0,1.0,0.895833,0.0,0.0,0.0,0.0,0.0,1.0,0.0,0.0,0.0,-0.601466
always_light,6,48,0.041667,0.572092,0.609736,0.082779,5.876764,809.75053,1.058691,0.994206,0.708333,0.791667,0.0,0.0,0.0,0.0,0.0,1.0,0.0,0.0,-2.84538
always_image,6,48,0.0,0.428762,0.442035,0.059887,7.8845,868.898935,182.723917,0.0,0.6875,1.0,0.0,0.0,0.0,0.0,0.0,0.0,1.0,0.0,-3.977408
greedy_min_sufficient_evidence,6,48,0.1875,0.769803,0.802325,0.077359,7.032365,879.639,74.465374,0.592471,0.3125,0.8125,0.0,0.0,0.0,0.0,0.104167,0.479167,0.416667,0.0,-2.443661
no_cache_greedy,6,48,0.041667,0.414629,0.430617,0.062756,7.857528,934.927432,129.425849,0.291686,0.6875,0.958333,0.0,0.0,0.0,0.0,0.0,0.291667,0.708333,0.0,-3.694171
no_semantic_tokens_greedy,6,48,0.125,0.795805,0.82839,0.080455,7.34719,813.470501,160.512835,0.121555,0.3125,0.875,0.0,0.0,0.0,0.0,0.104167,0.0,0.895833,0.0,-2.949697
oracle_best_feasible_evidence,6,48,0.145833,0.79743,0.825552,0.0727,7.746925,919.717763,128.797326,0.295126,0.3125,0.8125,0.0,0.0,0.0,0.0,0.125,0.166667,0.708333,0.0,-2.867259
ppo,6,48,0.1875,0.718824,0.745431,0.071555,3.734894,493.785808,19.117923,0.895373,0.3125,0.5,0.0,0.0,0.0,0.0,0.416667,0.479167,0.104167,0.0,-1.20663
