episode,return,success_rate,mean_reward
0.0,-96.624886,0.05,-2.41562215
1.0,-100.882264,0.0,-2.5220566
