episode,raw_return,shaped_return,return,success_rate,mean_reward,mean_shaped_reward,quality_cost,deadline_cost,lambda_quality,lambda_deadline,mean_bandwidth_share,mean_power_w,mean_cpu_share,mean_gpu_share
0.0,-11.222306999999999,-11.222306999999999,-11.222306999999999,0.0,-2.8055767499999997,-2.8055767499999997,1.0,0.5,0.05,0.025,0.5179097020626068,0.5765311881899834,0.505495288670063,0.6421221154928207
1.0,-8.811643,-8.961643,-8.811643,0.0,-2.20291075,-2.24041075,0.5,0.5,0.07500000000000001,0.05,0.46474226146936415,0.46211733706295494,0.5500338058918715,0.49446095369756227
