episode,raw_return,semantic_return,shaped_return,return,success_rate,mean_reward,mean_semantic_reward,mean_shaped_reward,quality_cost,deadline_cost,quality_cost_normal,quality_cost_critical,deadline_cost_normal,deadline_cost_critical,conflict_cost,battery_cost,gpu_cost,bc_loss,demo_samples,mean_bandwidth_share,mean_power_w,mean_cpu_share,mean_gpu_share,lambda_quality_normal,lambda_quality_critical,lambda_deadline_normal,lambda_deadline_critical,lambda_conflict,lambda_battery,lambda_gpu,lambda_quality,lambda_deadline
0.0,-11.181104000000001,0.08566818967999992,0.08566818967999992,-11.181104000000001,0.0,-2.7952760000000003,0.02141704741999998,0.02141704741999998,1.0,0.5,1.0,0.0,0.5,0.0,0.0,0.0,0.0,1.2765495777130127,8.0,0.29953655987977984,0.32197841703891755,0.27963051281869417,0.31984703928232194,0.0475,0.0,0.022500000000000003,0.0,0.0,0.0,0.0,0.02375,0.011250000000000001
1.0,-8.781908999999999,3.928877755040002,3.928877755040002,-8.781908999999999,0.0,-2.1954772499999997,0.9822194387600005,0.9822194387600005,0.5,0.5,0.0,0.5,0.0,0.5,0.0,0.0,0.0,1.2765495777130127,8.0,0.26495686948299413,0.2846281476318836,0.27460920564830305,0.25629414454102517,0.045,0.024,0.020000000000000004,0.024,0.0,0.0,0.0,0.0345,0.022000000000000002
2.0,-7.553381,11.823890229320005,11.648890229320001,-7.553381,0.25,-1.88834525,2.9559725573300013,2.9122225573300002,0.75,0.5,0.75,0.0,0.5,0.0,0.0,0.0,0.0,1.2765495777130127,8.0,0.3167135593295098,0.33173258081078527,0.19173587054014207,0.28445897802710535,0.07999999999999999,0.023,0.04250000000000001,0.023,0.0,0.0,0.0,0.05149999999999999,0.03275
3.0,-4.065367999999999,10.53483354112667,10.32883354112667,-4.065367999999999,0.25,-1.0163419999999999,2.6337083852816674,2.5822083852816675,0.75,0.25,0.5,0.25,0.0,0.25,0.0,0.0,0.0,1.2765495777130127,8.0,0.2771846318244934,0.3087709356099367,0.3005184502154589,0.27620230317115785,0.1025,0.0345,0.04000000000000001,0.0345,0.0,0.0,0.0,0.0685,0.037250000000000005
