episode,raw_return,semantic_return,shaped_return,return,success_rate,mean_reward,mean_semantic_reward,mean_shaped_reward,quality_cost,deadline_cost,quality_cost_normal,quality_cost_critical,deadline_cost_normal,deadline_cost_critical,conflict_cost,battery_cost,gpu_cost,bc_loss,demo_samples,mean_bandwidth_share,mean_power_w,mean_cpu_share,mean_gpu_share,lambda_quality_normal,lambda_quality_critical,lambda_deadline_normal,lambda_deadline_critical,lambda_conflict,lambda_battery,lambda_gpu,lambda_quality,lambda_deadline
0.0,-8.530186,0.61151734644,0.61151734644,-8.530186,0.0,-4.265093,0.30575867322,0.30575867322,1.0,1.0,1.0,0.0,1.0,0.0,0.0,0.0,0.0,1.1906694173812866,160.0,0.4793669682741165,0.48893592581152917,0.5492170752584934,0.7135273286700248,0.0475,0.0,0.0475,0.0,0.0,0.0,0.0,0.02375,0.02375
1.0,-5.135605,0.6571455551866666,0.6571455551866666,-5.135605,0.0,-2.5678025,0.3285727775933333,0.3285727775933333,0.5,0.5,0.0,0.5,0.0,0.5,0.0,0.0,0.0,1.1906694173812866,160.0,0.28230183422565464,0.3555559292435646,0.21462768092751502,0.18783790081739427,0.045,0.024,0.045,0.024,0.0,0.0,0.0,0.0345,0.0345
