policy,episodes,tasks,task_success_rate,average_accuracy,average_delay,average_energy,average_payload_kb,payload_reduction_vs_always_image,quality_violation_rate,deadline_violation_rate,service_level_0_ratio,service_level_1_ratio,service_level_2_ratio,service_level_3_ratio,average_reward
always_cache,200,8000,0.017375,0.411142,0.091417,1.61,0.0,1.0,0.982625,0.0,1.0,0.0,0.0,0.0,-0.950629
always_light,200,8000,0.01925,0.483353,2.415016,296.700916,1.145597,0.993778,0.85725,0.259625,0.0,1.0,0.0,0.0,-1.649687
always_image,200,8000,0.000375,0.439484,4.474696,359.266691,184.117892,0.0,0.552875,0.9995,0.0,0.0,1.0,0.0,-2.958611
greedy_min_sufficient_evidence,200,8000,0.0495,0.27952,5.016742,511.404887,132.701472,0.279258,0.710875,0.920125,0.017625,0.26225,0.720125,0.0,-2.934648
no_cache_greedy,200,8000,0.019375,0.149367,4.81815,446.278219,157.978874,0.141969,0.84575,0.969125,0.0,0.14275,0.85725,0.0,-3.201635
no_semantic_tokens_greedy,200,8000,0.01775,0.722807,4.529435,372.561351,180.670916,0.018722,0.265375,0.982,0.017375,0.0,0.982625,0.0,-2.612059
oracle_best_feasible_evidence,200,8000,0.0485,0.819561,2.529145,286.506311,47.292928,0.743138,0.697,0.26975,0.69125,0.05125,0.2575,0.0,-1.515846
