policy,episodes,tasks,task_success_rate,average_accuracy,average_delay,average_energy,average_payload_kb,payload_reduction_vs_always_image,quality_violation_rate,deadline_violation_rate,service_level_0_ratio,service_level_1_ratio,service_level_2_ratio,service_level_3_ratio,average_reward
always_cache,200,8000,0.017375,0.411196,0.091369,1.61,0.0,1.0,0.982625,0.0,1.0,0.0,0.0,0.0,-0.950619
always_light,200,8000,0.01925,0.483146,2.407386,295.547981,1.145501,0.993778,0.85775,0.2585,0.0,1.0,0.0,0.0,-1.647075
always_image,200,8000,0.000375,0.439417,4.473726,359.091573,184.116532,0.0,0.553125,0.9995,0.0,0.0,1.0,0.0,-2.958594
greedy_min_sufficient_evidence,200,8000,0.0495,0.279229,5.010283,510.340733,132.791564,0.278763,0.711375,0.920125,0.017625,0.26175,0.720625,0.0,-2.933611
no_cache_greedy,200,8000,0.019375,0.149076,4.812054,445.214428,158.068967,0.141473,0.84625,0.969125,0.0,0.14225,0.85775,0.0,-3.20067
no_semantic_tokens_greedy,200,8000,0.01775,0.72274,4.528219,372.385987,180.669556,0.018722,0.265625,0.982,0.017375,0.0,0.982625,0.0,-2.611993
oracle_best_feasible_evidence,200,8000,0.0485,0.819442,2.527036,286.276796,47.245598,0.743393,0.6975,0.2695,0.6915,0.05125,0.25725,0.0,-1.515488
